Name,Product Name,Description,Category,Type,Quantity,Estimated Cost,Total Cost,URL
"Grid Controller ESP32","ESP32-WROOM-32D Development Board","EVAL BOARD FOR ESP-WROOM-32","electrical","mcu",1,7.50,7.50,"https://www.digikey.com/en/products/detail/espressif-systems/ESP32-DEVKITC-32D/9356990"
"House Monitor ESP32","ESP32-WROOM-32D Development Board","EVAL BOARD FOR ESP-WROOM-32","electrical","mcu",1,7.50,7.50,"https://www.digikey.com/en/products/detail/espressif-systems/ESP32-DEVKITC-32D/9356990"
"Grid Current Sensor","ACS712 Current Sensor Module (30A)","Measures AC current in the main power line using Hall effect, providing an analog voltage output. Provides galvanic isolation.","electrical","sensor",1,3.00,3.00,"https://s.click.aliexpress.com/s/fwx308cRD9Eny963e3KDdYxyIpNj8TXVr7saiF9Um5rMUg1kZtJALLnfa2LNXtiVgnxdD8Og6MmvwBoxhnSYQGM6r0c08U4TfX8DFGo7vviCuu3q62Q60OAhRZcqm3G8PtwM69xY7TOEWRrvulP5ukZQ4uQbBBtaVsdr6EffAqVmp3O5GyUANU2DoA3dJufNhDfh7KOlLgKIvRVhDxRESHLmea6fTE26gLUqKEUuuizJiLENrCbax94DZHDu8WhaXM9vQ86gzlqceNPO5w3vwXm4VrBF3x2lAMEl06wgNdTSMiT7cNG4HIdW0JxRaz6fvErv2hdkUsCOaC057cU3DWrBjWTCehYxJb58FVaS7VASG6QCarwI094AbZX40abEeN0gEZimOiFs5bO7yWuVNvlO4uplsd7q1evxmi3WRji4FmIPs4Emf7ZnZCZJlywrm6W0hccuK84o784wg0osFdmCL5E3R2LuYvEPyKmgMg2U7JiOWRYsE5snskdjibq5KS6z914kDbA1Y0PKn9ZN9GW7KBRsrN0Nk6hMBbv2FZV3ugtLGBt1zG7e5YbSj0feLOtu7zCl5vF8ZNVZ4Sz59Dp3YAby7qjkSWoBOPxZnsvEK0yWb6oOEG1PtKDqbviJL6tJml7ah9DCEV4y2oiyP1KqH8Bg0XM1oZfUAXJ4BvyDYWtXrMKmofmMpV3x6RJRb85mK1qau2TEKR9iENLVtE2MSp6aAI1PvWRv9mFaqIKKMF2czQbOvi2daSNGADSj1Vscso7Xp5Oe58kikZDvohbt7nX444k0NIxNX9N2DDEctriINEfLdLXyG2kjNnhO7TSBzJs5pGjbn4LhXGzfchDB79pqDSn3DLI8k7XK5AZ1zWoApohCFEQohvHFznzSnFl2bYGdiru2QjMTw34LfbLBHeTOgWIin0GkHDjThCxfRxmOX1gXJqFNuU5vUhenQUxhSsQc2xqshRIxHh"
"House Current Sensor","ACS712 Current Sensor Module (30A)","Measures AC current in the main power line using Hall effect, providing an analog voltage output. Provides galvanic isolation.","electrical","sensor",1,3.00,3.00,"https://s.click.aliexpress.com/s/fwx308cRD9Eny963e3KDdYxyIpNj8TXVr7saiF9Um5rMUg1kZtJALLnfa2LNXtiVgnxdD8Og6MmvwBoxhnSYQGM6r0c08U4TfX8DFGo7vviCuu3q62Q60OAhRZcqm3G8PtwM69xY7TOEWRrvulP5ukZQ4uQbBBtaVsdr6EffAqVmp3O5GyUANU2DoA3dJufNhDfh7KOlLgKIvRVhDxRESHLmea6fTE26gLUqKEUuuizJiLENrCbax94DZHDu8WhaXM9vQ86gzlqceNPO5w3vwXm4VrBF3x2lAMEl06wgNdTSMiT7cNG4HIdW0JxRaz6fvErv2hdkUsCOaC057cU3DWrBjWTCehYxJb58FVaS7VASG6QCarwI094AbZX40abEeN0gEZimOiFs5bO7yWuVNvlO4uplsd7q1evxmi3WRji4FmIPs4Emf7ZnZCZJlywrm6W0hccuK84o784wg0osFdmCL5E3R2LuYvEPyKmgMg2U7JiOWRYsE5snskdjibq5KS6z914kDbA1Y0PKn9ZN9GW7KBRsrN0Nk6hMBbv2FZV3ugtLGBt1zG7e5YbSj0feLOtu7zCl5vF8ZNVZ4Sz59Dp3YAby7qjkSWoBOPxZnsvEK0yWb6oOEG1PtKDqbviJL6tJml7ah9DCEV4y2oiyP1KqH8Bg0XM1oZfUAXJ4BvyDYWtXrMKmofmMpV3x6RJRb85mK1qau2TEKR9iENLVtE2MSp6aAI1PvWRv9mFaqIKKMF2czQbOvi2daSNGADSj1Vscso7Xp5Oe58kikZDvohbt7nX444k0NIxNX9N2DDEctriINEfLdLXyG2kjNnhO7TSBzJs5pGjbn4LhXGzfchDB79pqDSn3DLI8k7XK5AZ1zWoApohCFEQohvHFznzSnFl2bYGdiru2QjMTw34LfbLBHeTOgWIin0GkHDjThCxfRxmOX1gXJqFNuU5vUhenQUxhSsQc2xqshRIxHh"
"Power Cutoff Relay","1 Channel 5V Relay Module (10A 250VAC)","","electrical","actuator",1,2.00,2.00,"https://www.amazon.com/dp/B0CHFJSNP6?tag=blueprintam-20&linkCode=osi&th=1&psc=1"
"Audible Alarm Buzzer","Active Buzzer Module (5V)","Active buzzer module to produce the doorbell sound.","electrical","actuator",1,1.50,1.50,"https://s.click.aliexpress.com/s/fwx308cRD9Eny963e3KDdYxyIpNj8TXVr7saiF9Um5rMUg1kZtJALLnfa2LNXtiVgnxdD8Og6MmvwBoxhnSYQGM6r0c08U4TfX8DFGo7vviCuu3q62Q60OAhRZcqm3G8PtwM69xY7TOEWRrvulP5ukZQ4uQbBBtaVsdr6EffAqVmp3O5GyUANU2DoA3dJufNhDfh7KOlLgKIvRVhDxRESHLmea6fTE26gLUqKEUuuizJiLENrCbax94DZHDu8WhaXM9vQ86gzlqceNPO5w3vwXm4VrBF3x2lAMEl06wgNdTSMiT7cNG4HIdW0JxRuBr0tx1sVGoV08bi5INVfEJfr04iBNDtR9Vgt4Oa70Rs2Lbw3xzCPkSQOs2n87Vw6c852UvgaN3fRtfAeKBU7eO4fkr4zoBDCZhaXDH23uzaeZPgc23YnIiQvxtTvMCj0JfgjThnYk0DfAkNoUKhUmWUwtgJaucpgQbR5ZFLJMJZIOGheoVJwG5gXrCduif3HA8Jmx8D4FbDZO9MOuixS7y6ksvjmNMevSlfI9nwfcYdXRn6nlAqOeNTWgVGHxrwT8GcS14rftiQkWjoefDFivI2zkgNkeph3YElO7BJMSTlUvN9xvAZjdXCPV5FmKmKg28Fljsxh3w2cB9vkShQ7Dgp7EMOL968Ow3pQHuVUQRgWjJX1epjxn7OhE8upeH99tvtiyLJSwxa7IvjSMktHaaDoJHWJl19b1rLoWlB0EhjiyQ7AzslA74EWPqeAaG4Z3ITJ0MnP7a0UXpGEe5s2EdTiRpSeFi8L6WAqQGn1y7jTLPFJ5XTBp3kQmoxjq7yCDPHMQ6ZIlfcbmm7qwLDN2OXplmm2nZtUlzidx1aOtkhjZfKcQGm2Q6YfCVWp2xnGxH91zmYPaOBLlAjfMPgYXF5YuMT0WD1cxuBkxkitnx6C0H2M6Rppn1XAvSLR8aYKFU1qEB1cgQXsDuSojicob"
"Status LCD Display","1602 LCD Display Module with I2C","Displays system status, temperatures, and operational mode.","electrical","display",1,6.00,6.00,"https://s.click.aliexpress.com/s/fwx308cRD9Eny963e3KDdYxyIpNj8TXVr7saiF9Um5rMUg1kZtJALLnfa2LNXtiVgnxdD8Og6MmvwBoxhnSYQGM6r0c08U4TfX8DFGo7vviCuu3q62Q60OAhRZcqm3G8PtwM69xY7TOEWRrvulP5ukZQ4uQbBBtaVsdr6EffAqVmp3O5GyUANU2DoA3dJufNhDfh7KOlLgKIvRVhDxRESHLmea6fTE26gLUqKEUuuizJiLENrCbax94DZHDu8WhaXM9vQ86gzlqceNPO5w3vwXm4VrBF3x2lAMEl06wgNdTSMiT7cNG4HIdW0JxHtIim6EfwFgQSbIMly0vPiVgo4cMBO6iKJfSNnMMeBSYbiIA24FSrkp7EJuagbOJN3mghRWx9vMvlO5pcsuQui60RIeSheV5ePi9WcYaNztTxQ1S8UIOx4sEQRupUWzZWQIwoeUiN89TkaMiTkGIhsqZ5v62UW0KewxpFRFE5b0lc93L5ucRmpcmmE0oA7qveeDF3w6JOE8SxXsvGiK8IW7UpA46vBW3npfWUGfeFw4zreta99OSVKqYESjwUlHkAStAixZDVPzLIcAgen6pvl491vk5g85NgmgPh4ukRV9XdIZabXXfJcWfDa0HIGGa0riQXiamxY869jlR8BDWb58ZSyfTd2uAc4DfFIEJROfX3G8Hj9aPylITP55VJbKYNwSxSlN6XuaCdCGKwyPO6BaYXn7Mzm5cxH8sd5C4XylNe7A1864A419PW8wfKo6Py595BW5L8ikk2BG8Xgr1B2kxIglt6R3j2gs60isgjvrNJ92zJcTExcrEnR3BisrzXXfXgM97Th3T8ras3AKtnBpFO6WxpRIwf4FulzdKacIlktkhvcOmIEPmHIlrsnCWfZfRniQCh2tck8qil5VQeVeiEyN5XeOIdqaqLX8HglyA1ggQXWwH2kqO36Myz2byIXJtsMzpoCamRgpz5S2FsJt"
"System 5V DC Power Supply","5V 2A DC Power Adapter","Wall adapter providing 5V DC power to the system.","electrical","power",1,8.00,8.00,"https://s.click.aliexpress.com/s/fwx308cRD9Eny963e3KDdYxyIpNj8TXVr7saiF9Um5rMUg1kZtJALLnfa2LNXtiVgnxdD8Og6MmvwBoxhnSYQGM6r0c08U4TfX8DFGo7vviCuu3q62Q60OAhRZcqm3G8PtwM69xY7TOEWRrvulP5ukZQ4uQbBBtaVsdr6EffAqVmp3O5GyUANU2DoA3dJufNhDfh7KOlLgKIvRVhDxRESHLmea6fTE26gLUqKEUuuizJiLENrCbax94DZHDu8WhaXM9vQ86gzlqceNPO5w3vwXm4VrBF3xpjK0z5F4tXx7la8qLVQd4zJbXyg9dALrT5MBIzcITYImDKsxK6kLm3p8kR2msLRcYfLpzRG8G8BzCdOPECqLdFmmjI2iX6F245j75XQa6jw0Neuv1hHWq6adsEPEhWs8Hz6FZayHu1Vs0jGxkLLwrwn3XBAS4xAq1RJGVRE8zv35EfWErDhElIN9gjSIsoOBVvzizxXjc2bAVrmhr5Iq3UajVsWLDKOgF5DonGpQTffRC9bsrQgLyfmjSw3LUJ2yNFlCaisXWSWocsWjnu1H4M44HOPJ4YuATreRKbjQIc5KvWieMWdrX32aeX9AcD70PI6ijDaJKtFvOJzoHMOypQqMtRxtx6BCrZaXM8K1dy6ELgvalNikzVHyz9HOZrVPk5PD2IW8sAJycQMnYYT2FR1pQd4mVfg5ZOFzKWJDBdYUaqHQ0bE0fDns20bqSMdoBi6fnzcVbYwEMlGgvEKtc8wxJTeJT5aOnQ7HW05VHaHJg7Y4RJkAmbPfXzNX4thGwcTdZ8S8XkaaPHx0vlotf6WP0c31uU62NFZNEdUgfcnNtZJcbkdVhvg8y6uKEsngQ5oKJMIv5TTpigtyUU5L5QFYIKHz3om4zVKCqnEJy3UcGijAr7gWdOSCI0tq28drbhZvbDW5IguFncwRFFNYGJy8Hf5PVqKYoZhKgE7YYtjEQjg7iF91"
"Theft Bypass Switch","SPST Toggle Switch (AC Rated)","","electrical","module",1,2.50,2.50,"https://s.click.aliexpress.com/s/fwx308cRD9Eny963e3KDdYxyIpNj8TXVr7saiF9Um5rMUg1kZtJALLnfa2LNXtiVgnxdD8Og6MmvwBoxhnSYQGM6r0c08U4TfX8DFGo7vviCuu3q62Q60OAhRZcqm3G8PtwM69xY7TOEWRrvulP5ukZQ4uQbBBtaVsdr6EffAqVmp3O5GyUANU2DoA3dJufNhDfh7KOlLgKIvRVhDxRESHLmea6fTE26gLUqKEUuuizJiLENrCbax94DZHDu8WhaXM9vQ86gzlqceNPO5w3vwXm4VrBF3x2lAMEl06wgNdTSMiT7cNG4HIdW0JxRwXf9SxaCtNd0VlANYczrtgc9pmtq7RlT2zJ7X87n9k25UFHXSR5mfKOAJzAUiKIKm3WJcX1jbXDPzUIgeL2MRATjKO1PjYaKmBFUrUTUmuH1v0mJJTDgRyTFIdvga14ZQihXEj6hsiDiLBPyek9kOLLkRRRJvbdqFc6aQPo9a6FoaCHI5T0PiXnsfYahkEPO8LHwKgEqGHvS7CK87W9J4XWw9jkQmZT4FkhQhCFz6tde3AVLClYLAcm4cH2iHzJ2PF6UAQSxJ1aFddh3qgRMCJsqVKfYRjPvRMlpUgFgQKdvvw0C9lpg4dvdKxwmgInABzotreg8Z3FUoyEDd7wT7h1LbyiYOoYSadXPPyT8IRqFGk0kOZZWWJzY1Fjgb6578A4Ky3cH4F3Z42fmNQSt9aSLv2AzdH9cNCIdPD299BHEFo1mTb409xeVLillBtdjPSQeI6N2KdQqcqWYIOo5Fyj2DZUzkB1ccbXtMDYPYlgGRmVcxWr6RTb2jPU8sm6CboW7Qi87VGim5b7qZk5aA5MlUor5OuUPjWFDlYKjbGwzkba1uozi0wQxwPI1nxtKNXoH1kSeOlNBiKGLovpkUFd1BMm9KK3YunP95EGVMbZT8wsOjp8LO13s3inY6bs9qw2z1M4tPVCkKYG9uCHnBl"
"Tower A Base Plate","Clear Acrylic Sheet","Base plate for Tower A, representing the utility grid.","mechanical","structural",1,8.00,8.00,"https://s.click.aliexpress.com/s/2YgDK2cRCyl9WNkj7vsiSgwQncOI32ZVsrEzbicWkRKbFTNMQbqbkcFOG1OBsMpz0QZ56yDUfJ22csduZdiHbgpEF7Ex3UKlAchlGNBsOXNNF88rwsDtIBwGctERXF9F8Kr7I88X0k96g6ZMhkO3P6ToLVxDdHRMGJpxZpIjxnmHAvyJtyadmk38EGe6i2o8G7iaV7tYZArmhfSTEi2pVyWdpS5Ka22Bg1szqfWcQUeNEjawjvRvXvFLTCW8qblr7wOZUa4C5MI6y0qLQDHLWOVtAJdfQPdNZVN5NXMyndb7vp2IqLBSyXOclU7rFeLoMzdtYzBvfLcioVfImOpKgYOAzKJrzHlMWzycaRoJ49epCT45CnpxdoVPeOuq0r0YOaBshbOG4yUtdY6oZM1XQKPEFarvPGjvGFBqa0IJZ3xSzAaIF9IeWy7pC0tM6pIprkh3Q15KHBVPMHXXHRuwoB5E97cEaSWpOdKhUBVkpvN9ZJcJP4xIJUnCAACfiKDEM32iHD3fBiww5BkyQ28LvLM4kZV26WFyj8jIBRxDs6vPLoEatrUkRusaleNM41Ae9C0Nf3O9q3uYQk8NZxOXab77eArAsVReqi1J0xnVDTrkaWFD7LyCM1s0dhyDas5fWToXgqphWK4Xcbz2Zl0qXIPIwEB9RgCG1Ss3gLy6iFwCEjaGsrLXHGkUxekOSa1DXZuhU5mm9JPe3JpDeUJxXm95X2GC8W65mj6wr7KzeKnz7g6Cqi8o4u1x2DhNp6RwgFc5JwtgYNuvgRdcV1YvDnASCyhmsEbIQUJxtJZPAO07qmbxHeIgJYR01DUOYSh1spsanXMAP5iTmxqGzJadi6nCcBCMpMCltPBZrNecJzeUeZ1Nm7ykoAk0HSylpKxSmFjZ23w9z5qud8EexRXUgzsSL20ZxQlodPrBOzxpczJpFLoMth"
"Tower B Base Plate","Clear Acrylic Sheet","Base plate for Tower B, representing the authorized household.","mechanical","structural",1,8.00,8.00,"https://s.click.aliexpress.com/s/2YgDK2cRCyl9WNkj7vsiSgwQncOI32ZVsrEzbicWkRKbFTNMQbqbkcFOG1OBsMpz0QZ56yDUfJ22csduZdiHbgpEF7Ex3UKlAchlGNBsOXNNF88rwsDtIBwGctERXF9F8Kr7I88X0k96g6ZMhkO3P6ToLVxDdHRMGJpxZpIjxnmHAvyJtyadmk38EGe6i2o8G7iaV7tYZArmhfSTEi2pVyWdpS5Ka22Bg1szqfWcQUeNEjawjvRvXvFLTCW8qblr7wOZUa4C5MI6y0qLQDHLWOVtAJdfQPdNZVN5NXMyndb7vp2IqLBSyXOclU7rFeLoMzdtYzBvfLcioVfImOpKgYOAzKJrzHlMWzycaRoJ49epCT45CnpxdoVPeOuq0r0YOaBshbOG4yUtdY6oZM1XQKPEFarvPGjvGFBqa0IJZ3xSzAaIF9IeWy7pC0tM6pIprkh3Q15KHBVPMHXXHRuwoB5E97cEaSWpOdKhUBVkpvN9ZJcJP4xIJUnCAACfiKDEM32iHD3fBiww5BkyQ28LvLM4kZV26WFyj8jIBRxDs6vPLoEatrUkRusaleNM41Ae9C0Nf3O9q3uYQk8NZxOXab77eArAsVReqi1J0xnVDTrkaWFD7LyCM1s0dhyDas5fWToXgqphWK4Xcbz2Zl0qXIPIwEB9RgCG1Ss3gLy6iFwCEjaGsrLXHGkUxekOSa1DXZuhU5mm9JPe3JpDeUJxXm95X2GC8W65mj6wr7KzeKnz7g6Cqi8o4u1x2DhNp6RwgFc5JwtgYNuvgRdcV1YvDnASCyhmsEbIQUJxtJZPAO07qmbxHeIgJYR01DUOYSh1spsanXMAP5iTmxqGzJadi6nCcBCMpMCltPBZrNecJzeUeZ1Nm7ykoAk0HSylpKxSmFjZ23w9z5qud8EexRXUgzsSL20ZxQlodPrBOzxpczJpFLoMth"
"Tower A Vertical Support Front","Aluminum Extrusion 2020","Front vertical support for mounting components in Tower A.","mechanical","structural",1,5.00,5.00,"https://www.adafruit.com/product/1220"
"Tower A Vertical Support Back","Aluminum Extrusion 2020","Rear vertical support for mounting components in Tower A.","mechanical","structural",1,5.00,5.00,"https://www.adafruit.com/product/1220"
"Tower B Vertical Support Front","Aluminum Extrusion 2020","Front vertical support for mounting components in Tower B.","mechanical","structural",1,5.00,5.00,"https://www.adafruit.com/product/1220"
"Tower B Vertical Support Back","Aluminum Extrusion 2020","Rear vertical support for mounting components in Tower B.","mechanical","structural",1,5.00,5.00,"https://www.adafruit.com/product/1220"
"Bypass Switch Enclosure","ABS Project Box","Small plastic enclosure for the bypass switch and bulb wiring.","mechanical","enclosure",1,6.50,6.50,"https://s.click.aliexpress.com/s/fwx308cRD9Eny963e3KDdYxyIpNj8TXVr7saiF9Um5rMUg1kZtJALLnfa2LNXtiVgnxdD8Og6MmvwBoxhnSYQGM6r0c08U4TfX8DFGo7vviCuu3q62Q60OAhRZcqm3G8PtwM69xY7TOEWRrvulP5ukZQ4uQbBBtaVsdr6EffAqVmp3O5GyUANU2DoA3dJufNhDfh7KOlLgKIvRVhDxRESHLmea6fTE26gLUqKEUuuizJiLENrCbax94DZHDu8WhaXM9vQ86gzlqceNPO5w3vwXm4VrBF3x2lAMEl06wgNdTSMiT7cNG4HIdW0JxgXqxTzdpKyAuKvJ9iQ5K6xY7w7wrIKQYQF1rBJQRbb55lJN25a05sbqVODhjoqtCY0RnvMyzmoUh759Dr0Xml2ZO89LwpfFt27bbXNmnBxY9EdEkQwInR4tEfQlFwqQZCIb8K2VLsEO0hED52D85gyUJUJpUrFI7YJQwqus3wt3uVnZ9Nfrwv7Vs7GkpArTYpLIEoMtGXgdiVr0a98M1IrSNqU4clPhcX251DQtajsFezhiE87CbbSvBuDYH2muaEwb4CqLLdeEiuiZmdcmJ0jrAojKqyLOAQjdRmngXzztvx8m5RBOmSt78XbRBj82BZGZcvHb4EO1JPGl3rmVoYHpcJQBXy1xUQy8YMl2b2NRWLEgJJ2hUCX7QMxyDHFJ5iIuJ1q4HiWaobY8W32BQ3yCF8HBIp44wNpH5GwpuDkiYgAZwlU1HSXjOGHMxwY0yz8yO3vLPVFqRE6qyqt3qklR6tOVtpdTSYuxqVYlSe1FciGI6uqoDKEpZ7zYTpM1CMP9gl5Rc9RS40OrPQp02hZnUBoxZlyxAYiDzMFvUDCaMbwru7Jtz5X6gMHCnDx3Y8OLAR4RqCY7JHVggQ5I6hK94cr1WDXbiQWynNMkTMBPy25AfY4uuDEf4QRjcJYSwvBTTMm02DP6F5j8bfj6eynh"
"Grid ESP32 Mount","","3D-printed mount for the ESP32 microcontroller in Tower A.","mechanical","3d_printed",1,0.50,0.50,"https://www.amazon.com/s?k=PLA+filament"
"House ESP32 Mount","","3D-printed mount for the ESP32 microcontroller in Tower B.","mechanical","3d_printed",1,0.50,0.50,"https://www.amazon.com/s?k=PLA+filament"
"Grid Current Sensor Mount","","3D-printed mount for the ACS712 current sensor in Tower A.","mechanical","3d_printed",1,0.30,0.30,"https://www.amazon.com/s?k=PLA+filament"
"House Current Sensor Mount","","3D-printed mount for the ACS712 current sensor in Tower B.","mechanical","3d_printed",1,0.30,0.30,"https://www.amazon.com/s?k=PLA+filament"
"Power Cutoff Relay Mount","","3D-printed mount for the single-channel relay module in Tower A.","mechanical","3d_printed",1,0.40,0.40,"https://www.amazon.com/s?k=PLA+filament"
"LCD Display Bezel/Mount","","3D-printed bezel and mount for the 16x2/20x4 LCD display in Tower A.","mechanical","3d_printed",1,0.60,0.60,"https://www.amazon.com/s?k=PLA+filament"
"Buzzer Alarm Mount","","3D-printed mount for the small buzzer in Tower A.","mechanical","3d_printed",1,0.15,0.15,"https://www.amazon.com/s?k=PLA+filament"
"DC Power Supply Mount","","3D-printed mount for the 5V DC power supply module.","mechanical","3d_printed",1,0.40,0.40,"https://www.amazon.com/s?k=PLA+filament"
"Authorized Bulb Holder","E27 Lamp Holder","Screw-in lamp holder for the 100W authorized household bulb.","mechanical","misc",1,3.00,3.00,"https://s.click.aliexpress.com/s/fwx308cRD9Eny963e3KDdYxyIpNj8TXVr7saiF9Um5rMUg1kZtJALLnfa2LNXtiVgnxdD8Og6MmvwBoxhnSYQGM6r0c08U4TfX8DFGo7vviCuu3q62Q60OAhRZcqm3G8PtwM69xY7TOEWRrvulP5ukZQ4uQbBBtaVsdr6EffAqVmp3O5GyUANU2DoA3dJufNhDfh7KOlLgKIvRVhDxRESHLmea6fTE26gLUqKEUuuizJiLENrCbax94DZHDu8WhaXM9vQ86gzlqceNPO5w3vwXm4VrBF3x2lAMEl06wgNdTSMiT7cNG4HIdW0JxwWDb99jCiSXFS6oKcir4CpzwLkvffBNmbGH4bkx0QKd2PHWeYmMuOkthofQ3c0M4vtJlEZRov2N3p88pezlTNKmX8jaNRtst0plsEjP4ec7TKPl5jXzfYMpyEJIqjET5KpUvccIAHhv6f2LYluEhb3thdPuBaXzDkavlnava5vphWU4fvvx2SlcIK4359WgVm5cQlQKhXQLlnOPYBPYW7TQ4sHxbDfKVzUzzmn97lBqjwtQqlkfyaarOlEMftZmndjHJtVRLy5ayw36O0EqnxdvX45j1hfeUwY8CaoxCORkmFeKrwPOq8BfnWffvHQgj1FafBuSdNPh8jJVD5k7JDRUVXibTZk7yjl2qJNSQqDvLUcNPWgKBZ76fwWzVEOmt18GeQgXnkdKVHBs9dPxnddD3B1MJUBght0K5ZWESm6WmkyJCgwMxvls4ccZ9qCbwbRNRb0m5n6KBAMLkz6qV0WdZTz0JN9kD75uDtnpBPxnzvldde4JXVOSNJb9pDBoRy0Tw2RcRGFcYglgLIPBp6QniTEaPwsNISKPt5pJyGcOX8wOtLqbdPWz35xh5BPOnfAazNbTAn9jXv3WrhEMvpJolLv2Op4vWQ7xPLsPPVP7kn7o3R01P1uHPfm5AX2PkCJqcjaivXLEWHyzUS2s83S7"
"Bypass Bulb Holder","E27 Lamp Holder","Screw-in lamp holder for the 100W bypass theft simulation bulb.","mechanical","misc",1,3.00,3.00,"https://s.click.aliexpress.com/s/fwx308cRD9Eny963e3KDdYxyIpNj8TXVr7saiF9Um5rMUg1kZtJALLnfa2LNXtiVgnxdD8Og6MmvwBoxhnSYQGM6r0c08U4TfX8DFGo7vviCuu3q62Q60OAhRZcqm3G8PtwM69xY7TOEWRrvulP5ukZQ4uQbBBtaVsdr6EffAqVmp3O5GyUANU2DoA3dJufNhDfh7KOlLgKIvRVhDxRESHLmea6fTE26gLUqKEUuuizJiLENrCbax94DZHDu8WhaXM9vQ86gzlqceNPO5w3vwXm4VrBF3x2lAMEl06wgNdTSMiT7cNG4HIdW0JxwWDb99jCiSXFS6oKcir4CpzwLkvffBNmbGH4bkx0QKd2PHWeYmMuOkthofQ3c0M4vtJlEZRov2N3p88pezlTNKmX8jaNRtst0plsEjP4ec7TKPl5jXzfYMpyEJIqjET5KpUvccIAHhv6f2LYluEhb3thdPuBaXzDkavlnava5vphWU4fvvx2SlcIK4359WgVm5cQlQKhXQLlnOPYBPYW7TQ4sHxbDfKVzUzzmn97lBqjwtQqlkfyaarOlEMftZmndjHJtVRLy5ayw36O0EqnxdvX45j1hfeUwY8CaoxCORkmFeKrwPOq8BfnWffvHQgj1FafBuSdNPh8jJVD5k7JDRUVXibTZk7yjl2qJNSQqDvLUcNPWgKBZ76fwWzVEOmt18GeQgXnkdKVHBs9dPxnddD3B1MJUBght0K5ZWESm6WmkyJCgwMxvls4ccZ9qCbwbRNRb0m5n6KBAMLkz6qV0WdZTz0JN9kD75uDtnpBPxnzvldde4JXVOSNJb9pDBoRy0Tw2RcRGFcYglgLIPBp6QniTEaPwsNISKPt5pJyGcOX8wOtLqbdPWz35xh5BPOnfAazNbTAn9jXv3WrhEMvpJolLv2Op4vWQ7xPLsPPVP7kn7o3R01P1uHPfm5AX2PkCJqcjaivXLEWHyzUS2s83S7"
"M3x8mm Screws","M3x8mm Pan Head Screws","Short M3 screws for mounting smaller components and 3D prints.","mechanical","misc",20,0.05,1.00,"https://www.ebay.com/itm/145224447118"
"M3x12mm Screws","M3x12mm Pan Head Screws","Longer M3 screws for mounting through acrylic or into aluminum extrusions.","mechanical","misc",12,0.06,0.72,"https://www.amazon.com/dp/B0CGVF58LL?tag=blueprintam-20&linkCode=osi&th=1&psc=1"
"M3 Nuts","M3 Hex Nuts","Standard M3 hex nuts for securing screws.","mechanical","misc",32,0.03,0.96,"https://www.amazon.com/dp/B0F9FC4563?tag=blueprintam-20&linkCode=osi&th=1&psc=1"
"M3x10mm Standoffs","M3x10mm Brass Standoffs Male-Female","M3 male-female standoffs for stacking PCBs or creating clearance.","mechanical","misc",8,0.15,1.20,"https://www.amazon.com/dp/B08F1X6ZL7?tag=blueprintam-20&linkCode=osi&th=1&psc=1"
"Theft Bypass Switch Mount","","Adapter plate for the Theft Bypass Switch that bolts to the main chassis with M3 hardware. Includes wire-routing channels.","mechanical","3d_printed",1,2.00,2.00,""
"AC Input Terminal Block","2 Pin Screw Terminal Block 250V 10A","Terminal block for connecting the main AC input power.","electrical","module",1,1.00,1.00,"https://s.click.aliexpress.com/s/fwx308cRD9Eny963e3KDdYxyIpNj8TXVr7saiF9Um5rMUg1kZtJALLnfa2LNXtiVgnxdD8Og6MmvwBoxhnSYQGM6r0c08U4TfX8DFGo7vviCuu3q62Q60OAhRZcqm3G8PtwM69xY7TOEWRrvulP5ukZQ4uQbBBtaVsdr6EffAqVmp3O5GyUANU2DoA3dJufNhDfh7KOlLgKIvRVhDxRESHLmea6fTE26gLUqKEUuuizJiLENrCbax94DZHDu8WhaXM9vQ86gzlqceNPO5w3vwXm4VrBF3x2lAMEl06wgNdTSMiT7cNG4HIdW0JxqK852QzX3yGk7fR5M9m2Y0qJ6XqU45eB6o0j7xL3i2Q1uW4f5g6m7k8n9o0p1t2v3x4y5z"
"Authorized AC Bulb","E27 100W Incandescent Bulb","Simulated authorized household AC load (e.g., 100W light bulb).","electrical","module",1,2.00,2.00,"https://s.click.aliexpress.com/s/fwx308cRD9Eny963e3KDdYxyIpNj8TXVr7saiF9Um5rMUg1kZtJALLnfa2LNXtiVgnxdD8Og6MmvwBoxhnSYQGM6r0c08U4TfX8DFGo7vviCuu3q62Q60OAhRZcqm3G8PtwM69xY7TOEWRrvulP5ukZQ4uQbBBtaVsdr6EffAqVmp3O5GyUANU2DoA3dJufNhDfh7KOlLgKIvRVhDxRESHLmea6fTE26gLUqKEUuuizJiLENrCbax94DZHDu8WhaXM9vQ86gzlqceNPO5w3vwXm4VrBF3x2lAMEl06wgNdTSMiT7cNG4HIdW0JxqK852QzX3yGk7fR5M9m2Y0qJ6XqU45eB6o0j7xL3i2Q1uW4f5g6m7k8n9o0p1t2v3x4y5z"
"Bypass AC Bulb","E27 100W Incandescent Bulb","Simulated power theft AC load (e.g., 100W light bulb).","electrical","module",1,2.00,2.00,"https://s.click.aliexpress.com/s/fwx308cRD9Eny963e3KDdYxyIpNj8TXVr7saiF9Um5rMUg1kZtJALLnfa2LNXtiVgnxdD8Og6MmvwBoxhnSYQGM6r0c08U4TfX8DFGo7vviCuu3q62Q60OAhRZcqm3G8PtwM69xY7TOEWRrvulP5ukZQ4uQbBBtaVsdr6EffAqVmp3O5GyUANU2DoA3dJufNhDfh7KOlLgKIvRVhDxRESHLmea6fTE26gLUqKEUuuizJiLENrCbax94DZHDu8WhaXM9vQ86gzlqceNPO5w3vwXm4VrBF3x2lAMEl06wgNdTSMiT7cNG4HIdW0JxqK852QzX3yGk7fR5M9m2Y0qJ6XqU45eB6o0j7xL3i2Q1uW4f5g6m7k8n9o0p1t2v3x4y5z"
"AC Wire (Grid Live)","18 AWG Stranded Wire","Wire for Live AC connections.","electrical","misc",1,0.50,0.50,"https://www.amazon.com/dp/B08V579K99?tag=blueprintam-20&linkCode=osi&th=1&psc=1"
"AC Wire (Grid Neutral)","18 AWG Stranded Wire","Wire for Neutral AC connections.","electrical","misc",1,0.50,0.50,"https://www.amazon.com/dp/B08V579K99?tag=blueprintam-20&linkCode=osi&th=1&psc=1"